{
  "platt": {
    "summary": {
      "games": 2188,
      "ml_bets": 1544,
      "ml_roi": -0.00846252010361781,
      "ml_hit_rate": 0.4643782383419689,
      "rl_bets": 0,
      "rl_roi": 0.0,
      "ou_bets": 0,
      "ou_roi": 0.0,
      "brier": 0.24839886714045137,
      "logloss": 0.6903817496726912,
      "ece": 0.035249
    },
    "odds_band_stats": {
      "roi": {
        "2.11-2.60": 0.01514084507042253,
        "1.81-2.10": 0.02540207928026273,
        "1.50-1.80": -0.051874498569527236,
        "2.61-3.50": -0.07214912280701756,
        "other": -0.07039432464511412
      },
      "bets": {
        "2.11-2.60": 568,
        "1.81-2.10": 449,
        "1.50-1.80": 239,
        "2.61-3.50": 228,
        "other": 60
      },
      "high_confidence_bands": [
        "2.11-2.60",
        "1.81-2.10"
      ]
    }
  },
  "isotonic": {
    "summary": {
      "games": 2188,
      "ml_bets": 1574,
      "ml_roi": 0.018047751114113598,
      "ml_hit_rate": 0.48030495552731894,
      "rl_bets": 0,
      "rl_roi": 0.0,
      "ou_bets": 0,
      "ou_roi": 0.0,
      "brier": 0.25034840528802593,
      "logloss": 0.7309346947513311,
      "ece": 0.044041
    },
    "odds_band_stats": {
      "roi": {
        "1.81-2.10": 0.06242413668402937,
        "2.11-2.60": 0.03446280991735538,
        "1.50-1.80": -0.10569858920659257,
        "2.61-3.50": 0.004418604651162798,
        "other": 0.034414624135589614
      },
      "bets": {
        "1.81-2.10": 445,
        "2.11-2.60": 605,
        "1.50-1.80": 227,
        "2.61-3.50": 215,
        "other": 82
      },
      "high_confidence_bands": [
        "1.81-2.10",
        "2.11-2.60",
        "2.61-3.50",
        "other"
      ]
    }
  }
}