{
  "calibration": {
    "a": 1.1106734098997608,
    "b": -0.018927932717747266
  },
  "params": {
    "min_train_games": 240,
    "retrain_every": 40,
    "ev_threshold": 0.03,
    "lookback": 12,
    "min_confidence": 0.0,
    "markets": [
      "ML"
    ],
    "calibration_method": "platt"
  },
  "odds_band_stats": {
    "roi": {
      "2.11-2.60": 0.01514084507042253,
      "1.81-2.10": 0.02540207928026273,
      "1.50-1.80": -0.051874498569527236,
      "2.61-3.50": -0.07214912280701756,
      "other": -0.07039432464511412
    },
    "bets": {
      "2.11-2.60": 568,
      "1.81-2.10": 449,
      "1.50-1.80": 239,
      "2.61-3.50": 228,
      "other": 60
    },
    "high_confidence_bands": [
      "2.11-2.60",
      "1.81-2.10"
    ]
  }
}