{
  "calibration": {
    "a": 1.1076556945390952,
    "b": -0.018383880127859145
  },
  "params": {
    "min_train_games": 240,
    "retrain_every": 40,
    "ev_threshold": 0.02,
    "lookback": 15,
    "min_confidence": 0.0,
    "markets": [
      "ML",
      "RL",
      "OU"
    ],
    "calibration_method": "platt",
    "alpha_lab": false
  },
  "odds_band_stats": {
    "roi": {
      "2.11-2.60": 0.030068143100511036,
      "1.81-2.10": 0.01305944525427885,
      "1.50-1.80": -0.09677144066461285,
      "2.61-3.50": -0.048504273504273464,
      "other": -0.08265091772302295
    },
    "bets": {
      "2.11-2.60": 587,
      "1.81-2.10": 478,
      "1.50-1.80": 257,
      "2.61-3.50": 234,
      "other": 70
    },
    "high_confidence_bands": [
      "2.11-2.60",
      "1.81-2.10"
    ]
  }
}