{
  "games": 2188,
  "ml_bets": 1544,
  "ml_roi": -0.00846252010361781,
  "ml_hit_rate": 0.4643782383419689,
  "rl_bets": 0,
  "rl_roi": 0.0,
  "ou_bets": 0,
  "ou_roi": 0.0,
  "brier": 0.24839886714045137,
  "logloss": 0.6903817496726912
}