{
  "games": 2188,
  "ml_bets": 1626,
  "ml_roi": -0.011139858339404602,
  "ml_hit_rate": 0.46248462484624847,
  "rl_bets": 1717,
  "rl_roi": -0.06216111124997007,
  "ou_bets": 2187,
  "ou_roi": -0.12182736549349396,
  "brier": 0.24870309871543067,
  "logloss": 0.6910209828420658,
  "ece": 0.034723
}