{
  "n_games_total": 591,
  "n_games_since_retrain": 41,
  "last_retrain_at": 0,
  "is_degraded": false,
  "degradation_first_detected": null,
  "edge_decay_detected": false,
  "current_champion": "base_v1",
  "active_experiments": [],
  "feature_promotions": [],
  "feature_rejections": [],
  "recent_brier_scores": [
    0.1444,
    0.4096,
    0.11560000000000005,
    0.4623999999999999,
    0.12249999999999998,
    0.36,
    0.1444,
    0.4096,
    0.11560000000000005,
    0.4623999999999999,
    0.12249999999999998,
    0.36,
    0.1444,
    0.4096,
    0.11560000000000005,
    0.4623999999999999,
    0.12249999999999998,
    0.36,
    0.1444,
    0.4096,
    0.11560000000000005,
    0.4623999999999999,
    0.12249999999999998,
    0.36,
    0.1444,
    0.4096,
    0.11560000000000005,
    0.4623999999999999,
    0.12249999999999998,
    0.36,
    0.1444,
    0.4096,
    0.11560000000000005,
    0.4623999999999999,
    0.12249999999999998,
    0.36,
    0.1444,
    0.4096,
    0.11560000000000005,
    0.4623999999999999
  ],
  "recent_roi_values": [
    500.0,
    500.0,
    500.0,
    500.0,
    500.0,
    500.0,
    500.0,
    500.0,
    500.0,
    500.0,
    500.0,
    500.0,
    500.0,
    500.0,
    500.0,
    500.0,
    500.0,
    500.0,
    500.0,
    500.0,
    500.0,
    500.0,
    500.0,
    500.0,
    500.0,
    500.0,
    500.0,
    500.0,
    500.0,
    500.0,
    500.0,
    500.0,
    500.0,
    500.0,
    500.0,
    500.0,
    500.0,
    500.0,
    500.0,
    500.0
  ],
  "recent_accuracy": [
    1.0,
    0.0,
    1.0,
    0.0,
    1.0,
    0.0,
    1.0,
    0.0,
    1.0,
    0.0,
    1.0,
    0.0,
    1.0,
    0.0,
    1.0,
    0.0,
    1.0,
    0.0,
    1.0,
    0.0,
    1.0,
    0.0,
    1.0,
    0.0,
    1.0,
    0.0,
    1.0,
    0.0,
    1.0,
    0.0,
    1.0,
    0.0,
    1.0,
    0.0,
    1.0,
    0.0,
    1.0,
    0.0,
    1.0,
    0.0
  ]
}